{
  "accuracy": 0.7967032967032966,
  "precision": 0.7932686476652517,
  "recall": 0.7980769230769231,
  "f1": 0.7944632664896376,
  "confusion_matrix": [
    [
      82,
      22
    ],
    [
      15,
      63
    ]
  ]
}