{
  "accuracy": 0.7949640287769785,
  "precision": 0.8175113971574148,
  "recall": 0.8110550651534258,
  "f1": 0.7947489087211637,
  "confusion_matrix": [
    [
      106,
      50
    ],
    [
      7,
      115
    ]
  ]
}